Area,Bedrooms,Bathrooms,Age,Price
800,2,1,15,25
900,2,1,12,28
1000,2,2,10,32
1100,2,2,8,36
1200,2,2,7,40
1300,3,2,10,44
1400,3,2,8,48
1500,3,2,6,52
1600,3,2,5,56
1700,3,2,4,60
1800,3,3,6,65
1900,3,3,5,69
2000,4,3,5,74
2100,4,3,4,78
2200,4,3,3,83
2300,4,3,2,88
2400,4,3,2,92
2500,4,4,3,97
2600,4,4,2,102
2700,4,4,1,108
1000,2,2,15,30
1150,2,2,10,38
1250,3,2,12,43
1350,3,2,7,47
1450,3,2,5,51
1550,3,2,3,55
1650,3,3,8,61
1750,3,3,5,64
1850,3,3,3,68
1950,4,3,7,73
2050,4,3,4,77
2150,4,3,2,81
2250,4,3,1,86
2350,4,4,5,91
2450,4,4,3,96
2550,4,4,2,100
2650,4,4,1,106
2750,5,4,3,112
2850,5,4,2,118
2950,5,4,1,124